field_name,form_name,section_header,field_type,field_label,select_choices_or_calculations,field_note,text_validation_type_or_show_slider_number,text_validation_min,text_validation_max,identifier,branching_logic,required_field,custom_alignment,question_number,matrix_group_name,matrix_ranking,field_annotation
arc_d1covgrided,arc_dailyweekly,,text,d1CovGridED,,Day 1 coefficient of variation GridED,,,,,,,,,,,
arc_d1covpricesacc,arc_dailyweekly,,text,d1CovPricesAcc,,Day 1 coefficient of variation Prices Accuracy,,,,,,,,,,,
arc_d1covpricesrt,arc_dailyweekly,,text,d1CovPricesRT,,Day 1 coefficient of variation Prices RT,,,,,,,,,,,
arc_d1covsymbolsacc,arc_dailyweekly,,text,d1CovSymbolsAcc,,Day 1 coefficient of variation Symbols Accuracy,,,,,,,,,,,
arc_d1covsymbolsrt,arc_dailyweekly,,text,d1CovSymbolsRT,,Day 1 coefficient of variation Symbols RT,,,,,,,,,,,
arc_d1meangrided,arc_dailyweekly,,text,d1MeanGridED,,Day 1 Mean GridED,,,,,,,,,,,
arc_d1meanpricesacc,arc_dailyweekly,,text,d1MeanPricesAcc,,Day 1 Mean Prices Accuracy,,,,,,,,,,,
arc_d1meanpricesrt,arc_dailyweekly,,text,d1MeanPricesRT,,Day 1 Mean Prices RT,,,,,,,,,,,
arc_d1meansymbolsacc,arc_dailyweekly,,text,d1MeanSymbolsAcc,,Day 1 Mean Symbols Accuracy,,,,,,,,,,,
arc_d1meansymbolsrt,arc_dailyweekly,,text,d1MeanSymbolsRT,,Day 1 Mean Symbols RT,,,,,,,,,,,
arc_d1sdgrided,arc_dailyweekly,,text,d1SDGridED,,Day 1 standard deviation GridED,,,,,,,,,,,
arc_d1sdpricesacc,arc_dailyweekly,,text,d1SDPricesAcc,,Day 1 standard deviation Prices Accuracy,,,,,,,,,,,
arc_d1sdpricesrt,arc_dailyweekly,,text,d1SDPricesRT,,Day 1 standard deviation Prices RT,,,,,,,,,,,
arc_d1sdsymbolsacc,arc_dailyweekly,,text,d1SDSymbolsAcc,,Day 1 standard deviation Symbols Accuracy,,,,,,,,,,,
arc_d1sdsymbolsrt,arc_dailyweekly,,text,d1SDSymbolsRT,,Day 1 standard deviation Symbols RT,,,,,,,,,,,
arc_d2covgrided,arc_dailyweekly,,text,d2CovGridED,,Day 2 coefficient of variation GridED,,,,,,,,,,,
arc_d2covpricesacc,arc_dailyweekly,,text,d2CovPricesAcc,,Day 2 coefficient of variation Prices Accuracy,,,,,,,,,,,
arc_d2covpricesrt,arc_dailyweekly,,text,d2CovPricesRT,,Day 2 coefficient of variation Prices RT,,,,,,,,,,,
arc_d2covsymbolsacc,arc_dailyweekly,,text,d2CovSymbolsAcc,,Day 2 coefficient of variation Symbols Accuracy,,,,,,,,,,,
arc_d2covsymbolsrt,arc_dailyweekly,,text,d2CovSymbolsRT,,Day 2 coefficient of variation Symbols RT,,,,,,,,,,,
arc_d2meangrided,arc_dailyweekly,,text,d2MeanGridED,,Day 2 Mean GridED,,,,,,,,,,,
arc_d2meanpricesacc,arc_dailyweekly,,text,d2MeanPricesAcc,,Day 2 Mean Prices Accuracy,,,,,,,,,,,
arc_d2meanpricesrt,arc_dailyweekly,,text,d2MeanPricesRT,,Day 2 Mean Prices RT,,,,,,,,,,,
arc_d2meansymbolsacc,arc_dailyweekly,,text,d2MeanSymbolsAcc,,Day 2 Mean Symbols Accuracy,,,,,,,,,,,
arc_d2meansymbolsrt,arc_dailyweekly,,text,d2MeanSymbolsRT,,Day 2 Mean Symbols RT,,,,,,,,,,,
arc_d2sdgrided,arc_dailyweekly,,text,d2SDGridED,,Day 2 standard deviation GridED,,,,,,,,,,,
arc_d2sdpricesacc,arc_dailyweekly,,text,d2SDPricesAcc,,Day 2 standard deviation Prices Accuracy,,,,,,,,,,,
arc_d2sdpricesrt,arc_dailyweekly,,text,d2SDPricesRT,,Day 2 standard deviation Prices RT,,,,,,,,,,,
arc_d2sdsymbolsacc,arc_dailyweekly,,text,d2SDSymbolsAcc,,Day 2 standard deviation Symbols Accuracy,,,,,,,,,,,
arc_d2sdsymbolsrt,arc_dailyweekly,,text,d2SDSymbolsRT,,Day 2 standard deviation Symbols RT,,,,,,,,,,,
arc_d3covgrided,arc_dailyweekly,,text,d3CovGridED,,Day 3 coefficient of variation GridED,,,,,,,,,,,
arc_d3covpricesacc,arc_dailyweekly,,text,d3CovPricesAcc,,Day 3 coefficient of variation Prices Accuracy,,,,,,,,,,,
arc_d3covpricesrt,arc_dailyweekly,,text,d3CovPricesRT,,Day 3 coefficient of variation Prices RT,,,,,,,,,,,
arc_d3covsymbolsacc,arc_dailyweekly,,text,d3CovSymbolsAcc,,Day 3 coefficient of variation Symbols Accuracy,,,,,,,,,,,
arc_d3covsymbolsrt,arc_dailyweekly,,text,d3CovSymbolsRT,,Day 3 coefficient of variation Symbols RT,,,,,,,,,,,
arc_d3meangrided,arc_dailyweekly,,text,d3MeanGridED,,Day 3 Mean GridED,,,,,,,,,,,
arc_d3meanpricesacc,arc_dailyweekly,,text,d3MeanPricesAcc,,Day 3 Mean Prices Accuracy,,,,,,,,,,,
arc_d3meanpricesrt,arc_dailyweekly,,text,d3MeanPricesRT,,Day 3 Mean Prices RT,,,,,,,,,,,
arc_d3meansymbolsacc,arc_dailyweekly,,text,d3MeanSymbolsAcc,,Day 3 Mean Symbols Accuracy,,,,,,,,,,,
arc_d3meansymbolsrt,arc_dailyweekly,,text,d3MeanSymbolsRT,,Day 3 Mean Symbols RT,,,,,,,,,,,
arc_d3sdgrided,arc_dailyweekly,,text,d3SDGridED,,Day 3 standard deviation GridED,,,,,,,,,,,
arc_d3sdpricesacc,arc_dailyweekly,,text,d3SDPricesAcc,,Day 3 standard deviation Prices Accuracy,,,,,,,,,,,
arc_d3sdpricesrt,arc_dailyweekly,,text,d3SDPricesRT,,Day 3 standard deviation Prices RT,,,,,,,,,,,
arc_d3sdsymbolsacc,arc_dailyweekly,,text,d3SDSymbolsAcc,,Day 3 standard deviation Symbols Accuracy,,,,,,,,,,,
arc_d3sdsymbolsrt,arc_dailyweekly,,text,d3SDSymbolsRT,,Day 3 standard deviation Symbols RT,,,,,,,,,,,
arc_d4covgrided,arc_dailyweekly,,text,d4CovGridED,,Day 4 coefficient of variation GridED,,,,,,,,,,,
arc_d4covpricesacc,arc_dailyweekly,,text,d4CovPricesAcc,,Day 4 coefficient of variation Prices Accuracy,,,,,,,,,,,
arc_d4covpricesrt,arc_dailyweekly,,text,d4CovPricesRT,,Day 4 coefficient of variation Prices RT,,,,,,,,,,,
arc_d4covsymbolsacc,arc_dailyweekly,,text,d4CovSymbolsAcc,,Day 4 coefficient of variation Symbols Accuracy,,,,,,,,,,,
arc_d4covsymbolsrt,arc_dailyweekly,,text,d4CovSymbolsRT,,Day 4 coefficient of variation Symbols RT,,,,,,,,,,,
arc_d4meangrided,arc_dailyweekly,,text,d4MeanGridED,,Day 4 Mean GridED,,,,,,,,,,,
arc_d4meanpricesacc,arc_dailyweekly,,text,d4MeanPricesAcc,,Day 4 Mean Prices Accuracy,,,,,,,,,,,
arc_d4meanpricesrt,arc_dailyweekly,,text,d4MeanPricesRT,,Day 4 Mean Prices RT,,,,,,,,,,,
arc_d4meansymbolsacc,arc_dailyweekly,,text,d4MeanSymbolsAcc,,Day 4 Mean Symbols Accuracy,,,,,,,,,,,
arc_d4meansymbolsrt,arc_dailyweekly,,text,d4MeanSymbolsRT,,Day 4 Mean Symbols RT,,,,,,,,,,,
arc_d4sdgrided,arc_dailyweekly,,text,d4SDGridED,,Day 4 standard deviation GridED,,,,,,,,,,,
arc_d4sdpricesacc,arc_dailyweekly,,text,d4SDPricesAcc,,Day 4 standard deviation Prices Accuracy,,,,,,,,,,,
arc_d4sdpricesrt,arc_dailyweekly,,text,d4SDPricesRT,,Day 4 standard deviation Prices RT,,,,,,,,,,,
arc_d4sdsymbolsacc,arc_dailyweekly,,text,d4SDSymbolsAcc,,Day 4 standard deviation Symbols Accuracy,,,,,,,,,,,
arc_d4sdsymbolsrt,arc_dailyweekly,,text,d4SDSymbolsRT,,Day 4 standard deviation Symbols RT,,,,,,,,,,,
arc_d5covgrided,arc_dailyweekly,,text,d5CovGridED,,Day 5 coefficient of variation GridED,,,,,,,,,,,
arc_d5covpricesacc,arc_dailyweekly,,text,d5CovPricesAcc,,Day 5 coefficient of variation Prices Accuracy,,,,,,,,,,,
arc_d5covpricesrt,arc_dailyweekly,,text,d5CovPricesRT,,Day 5 coefficient of variation Prices RT,,,,,,,,,,,
arc_d5covsymbolsacc,arc_dailyweekly,,text,d5CovSymbolsAcc,,Day 5 coefficient of variation Symbols Accuracy,,,,,,,,,,,
arc_d5covsymbolsrt,arc_dailyweekly,,text,d5CovSymbolsRT,,Day 5 coefficient of variation Symbols RT,,,,,,,,,,,
arc_d5meangrided,arc_dailyweekly,,text,d5MeanGridED,,Day 5 Mean GridED,,,,,,,,,,,
arc_d5meanpricesacc,arc_dailyweekly,,text,d5MeanPricesAcc,,Day 5 Mean Prices Accuracy,,,,,,,,,,,
arc_d5meanpricesrt,arc_dailyweekly,,text,d5MeanPricesRT,,Day 5 Mean Prices RT,,,,,,,,,,,
arc_d5meansymbolsacc,arc_dailyweekly,,text,d5MeanSymbolsAcc,,Day 5 Mean Symbols Accuracy,,,,,,,,,,,
arc_d5meansymbolsrt,arc_dailyweekly,,text,d5MeanSymbolsRT,,Day 5 Mean Symbols RT,,,,,,,,,,,
arc_d5sdgrided,arc_dailyweekly,,text,d5SDGridED,,Day 5 standard deviation GridED,,,,,,,,,,,
arc_d5sdpricesacc,arc_dailyweekly,,text,d5SDPricesAcc,,Day 5 standard deviation Prices Accuracy,,,,,,,,,,,
arc_d5sdpricesrt,arc_dailyweekly,,text,d5SDPricesRT,,Day 5 standard deviation Prices RT,,,,,,,,,,,
arc_d5sdsymbolsacc,arc_dailyweekly,,text,d5SDSymbolsAcc,,Day 5 standard deviation Symbols Accuracy,,,,,,,,,,,
arc_d5sdsymbolsrt,arc_dailyweekly,,text,d5SDSymbolsRT,,Day 5 standard deviation Symbols RT,,,,,,,,,,,
arc_d6covgrided,arc_dailyweekly,,text,d6CovGridED,,Day 6 coefficient of variation GridED,,,,,,,,,,,
arc_d6covpricesacc,arc_dailyweekly,,text,d6CovPricesAcc,,Day 6 coefficient of variation Prices Accuracy,,,,,,,,,,,
arc_d6covpricesrt,arc_dailyweekly,,text,d6CovPricesRT,,Day 6 coefficient of variation Prices RT,,,,,,,,,,,
arc_d6covsymbolsacc,arc_dailyweekly,,text,d6CovSymbolsAcc,,Day 6 coefficient of variation Symbols Accuracy,,,,,,,,,,,
arc_d6covsymbolsrt,arc_dailyweekly,,text,d6CovSymbolsRT,,Day 6 coefficient of variation Symbols RT,,,,,,,,,,,
arc_d6meangrided,arc_dailyweekly,,text,d6MeanGridED,,Day 6 Mean GridED,,,,,,,,,,,
arc_d6meanpricesacc,arc_dailyweekly,,text,d6MeanPricesAcc,,Day 6 Mean Prices Accuracy,,,,,,,,,,,
arc_d6meanpricesrt,arc_dailyweekly,,text,d6MeanPricesRT,,Day 6 Mean Prices RT,,,,,,,,,,,
arc_d6meansymbolsacc,arc_dailyweekly,,text,d6MeanSymbolsAcc,,Day 6 Mean Symbols Accuracy,,,,,,,,,,,
arc_d6meansymbolsrt,arc_dailyweekly,,text,d6MeanSymbolsRT,,Day 6 Mean Symbols RT,,,,,,,,,,,
arc_d6sdgrided,arc_dailyweekly,,text,d6SDGridED,,Day 6 standard deviation GridED,,,,,,,,,,,
arc_d6sdpricesacc,arc_dailyweekly,,text,d6SDPricesAcc,,Day 6 standard deviation Prices Accuracy,,,,,,,,,,,
arc_d6sdpricesrt,arc_dailyweekly,,text,d6SDPricesRT,,Day 6 standard deviation Prices RT,,,,,,,,,,,
arc_d6sdsymbolsacc,arc_dailyweekly,,text,d6SDSymbolsAcc,,Day 6 standard deviation Symbols Accuracy,,,,,,,,,,,
arc_d6sdsymbolsrt,arc_dailyweekly,,text,d6SDSymbolsRT,,Day 6 standard deviation Symbols RT,,,,,,,,,,,
arc_d7covgrided,arc_dailyweekly,,text,d7CovGridED,,Day 7 coefficient of variation GridED,,,,,,,,,,,
arc_d7covpricesacc,arc_dailyweekly,,text,d7CovPricesAcc,,Day 7 coefficient of variation Prices Accuracy,,,,,,,,,,,
arc_d7covpricesrt,arc_dailyweekly,,text,d7CovPricesRT,,Day 7 coefficient of variation Prices RT,,,,,,,,,,,
arc_d7covsymbolsacc,arc_dailyweekly,,text,d7CovSymbolsAcc,,Day 7 coefficient of variation Symbols Accuracy,,,,,,,,,,,
arc_d7covsymbolsrt,arc_dailyweekly,,text,d7CovSymbolsRT,,Day 7 coefficient of variation Symbols RT,,,,,,,,,,,
arc_d7meangrided,arc_dailyweekly,,text,d7MeanGridED,,Day 7 Mean GridED,,,,,,,,,,,
arc_d7meanpricesacc,arc_dailyweekly,,text,d7MeanPricesAcc,,Day 7 Mean Prices Accuracy,,,,,,,,,,,
arc_d7meanpricesrt,arc_dailyweekly,,text,d7MeanPricesRT,,Day 7 Mean Prices RT,,,,,,,,,,,
arc_d7meansymbolsacc,arc_dailyweekly,,text,d7MeanSymbolsAcc,,Day 7 Mean Symbols Accuracy,,,,,,,,,,,
arc_d7meansymbolsrt,arc_dailyweekly,,text,d7MeanSymbolsRT,,Day 7 Mean Symbols RT,,,,,,,,,,,
arc_d7sdgrided,arc_dailyweekly,,text,d7SDGridED,,Day 7 standard deviation GridED,,,,,,,,,,,
arc_d7sdpricesacc,arc_dailyweekly,,text,d7SDPricesAcc,,Day 7 standard deviation Prices Accuracy,,,,,,,,,,,
arc_d7sdpricesrt,arc_dailyweekly,,text,d7SDPricesRT,,Day 7 standard deviation Prices RT,,,,,,,,,,,
arc_d7sdsymbolsacc,arc_dailyweekly,,text,d7SDSymbolsAcc,,Day 7 standard deviation Symbols Accuracy,,,,,,,,,,,
arc_d7sdsymbolsrt,arc_dailyweekly,,text,d7SDSymbolsRT,,Day 7 standard deviation Symbols RT,,,,,,,,,,,
arc_wcovgrided,arc_dailyweekly,,text,wCovGridED,,Weekly coefficient of variation GridED,,,,,,,,,,,
arc_wcovpricesacc,arc_dailyweekly,,text,wCovPricesAcc,,Weekly coefficient of variation Prices Accuracy,,,,,,,,,,,
arc_wcovpricesrt,arc_dailyweekly,,text,wCovPricesRT,,Weekly coefficient of variation Prices RT,,,,,,,,,,,
arc_wcovsymbolsacc,arc_dailyweekly,,text,wCovSymbolsAcc,,Weekly coefficient of variation Symbols Accuracy,,,,,,,,,,,
arc_wcovsymbolsrt,arc_dailyweekly,,text,wCovSymbolsRT,,Weekly coefficient of variation Symbols RT,,,,,,,,,,,
arc_wmeangrided,arc_dailyweekly,,text,wMeanGridED,,Weekly Mean GridED,,,,,,,,,,,
arc_wmeanpricesacc,arc_dailyweekly,,text,wMeanPricesAcc,,Weekly Mean Prices Accuracy,,,,,,,,,,,
arc_wmeanpricesrt,arc_dailyweekly,,text,wMeanPricesRT,,Weekly Mean Prices RT,,,,,,,,,,,
arc_wmeansymbolsacc,arc_dailyweekly,,text,wMeanSymbolsAcc,,Weekly Mean Symbols Accuracy,,,,,,,,,,,
arc_wmeansymbolsrt,arc_dailyweekly,,text,wMeanSymbolsRT,,Weekly Mean Symbols RT,,,,,,,,,,,
arc_wsdgrided,arc_dailyweekly,,text,wSDGridED,,Weekly standard deviation GridED,,,,,,,,,,,
arc_wsdpricesacc,arc_dailyweekly,,text,wSDPricesAcc,,Weekly standard deviation Prices Accuracy,,,,,,,,,,,
arc_wsdpricesrt,arc_dailyweekly,,text,wSDPricesRT,,Weekly standard deviation Prices RT,,,,,,,,,,,
arc_wsdsymbolsacc,arc_dailyweekly,,text,wSDSymbolsAcc,,Weekly standard deviation Symbols Accuracy,,,,,,,,,,,
arc_wsdsymbolsrt,arc_dailyweekly,,text,wSDSymbolsRT,,Weekly standard deviation Symbols RT,,,,,,,,,,,
arc_warcsesscomp,arc_dailyweekly,,text,wArcSessComp,,Weekly count of complete sessions,,,,,,,,,,,
arc_d1arcsesscomp,arc_dailyweekly,,text,d1ArcSessComp,,Day 1 count of complete sessions,,,,,,,,,,,
arc_d2arcsesscomp,arc_dailyweekly,,text,d2ArcSessComp,,Day 2 count of complete sessions,,,,,,,,,,,
arc_d3arcsesscomp,arc_dailyweekly,,text,d3ArcSessComp,,Day 3 count of complete sessions,,,,,,,,,,,
arc_d4arcsesscomp,arc_dailyweekly,,text,d4ArcSessComp,,Day 4 count of complete sessions,,,,,,,,,,,
arc_d5arcsesscomp,arc_dailyweekly,,text,d5ArcSessComp,,Day 5 count of complete sessions,,,,,,,,,,,
arc_d6arcsesscomp,arc_dailyweekly,,text,d6ArcSessComp,,Day 6 count of complete sessions,,,,,,,,,,,
arc_d7arcsesscomp,arc_dailyweekly,,text,d7ArcSessComp,,Day 7 count of complete sessions,,,,,,,,,,,
arc_wrangegrided,arc_dailyweekly,,text,wrangegrided,,Weekly Range GridED,,,,,,,,,,,
arc_wrangepricesacc,arc_dailyweekly,,text,wrangepricesacc,,Weekly Range Prices Accuracy,,,,,,,,,,,
arc_wrangepricesrt,arc_dailyweekly,,text,wrangepricesrt,,Weekly Range Prices RT,,,,,,,,,,,
arc_wrangesymbolsacc,arc_dailyweekly,,text,wrangesymbolsacc,,Weekly Range Symbols Accuracy,,,,,,,,,,,
arc_wrangesymbolsrt,arc_dailyweekly,,text,wrangesymbolsrt,,Weekly Range Symbols RT,,,,,,,,,,,
arc_d1rangegrided,arc_dailyweekly,,text,d1rangegrided,,Day 1 Range GridED,,,,,,,,,,,
arc_d1rangepricesacc,arc_dailyweekly,,text,d1rangepricesacc,,Day 1 Range Prices Accuracy,,,,,,,,,,,
arc_d1rangepricesrt,arc_dailyweekly,,text,d1rangepricesrt,,Day 1 Range Prices RT,,,,,,,,,,,
arc_d1rangesymbolsacc,arc_dailyweekly,,text,d1rangesymbolsacc,,Day 1 Range Symbols Accuracy,,,,,,,,,,,
arc_d1rangesymbolsrt,arc_dailyweekly,,text,d1rangesymbolsrt,,Day 1 Range Symbols RT,,,,,,,,,,,
arc_d2rangegrided,arc_dailyweekly,,text,d2rangegrided,,Day 2 Range GridED,,,,,,,,,,,
arc_d2rangepricesacc,arc_dailyweekly,,text,d2rangepricesacc,,Day 2 Range Prices Accuracy,,,,,,,,,,,
arc_d2rangepricesrt,arc_dailyweekly,,text,d2rangepricesrt,,Day 2 Range Prices RT,,,,,,,,,,,
arc_d2rangesymbolsacc,arc_dailyweekly,,text,d2rangesymbolsacc,,Day 2 Range Symbols Accuracy,,,,,,,,,,,
arc_d2rangesymbolsrt,arc_dailyweekly,,text,d2rangesymbolsrt,,Day 2 Range Symbols RT,,,,,,,,,,,
arc_d3rangegrided,arc_dailyweekly,,text,d3rangegrided,,Day 3 Range GridED,,,,,,,,,,,
arc_d3rangepricesacc,arc_dailyweekly,,text,d3rangepricesacc,,Day 3 Range Prices Accuracy,,,,,,,,,,,
arc_d3rangepricesrt,arc_dailyweekly,,text,d3rangepricesrt,,Day 3 Range Prices RT,,,,,,,,,,,
arc_d3rangesymbolsacc,arc_dailyweekly,,text,d3rangesymbolsacc,,Day 3 Range Symbols Accuracy,,,,,,,,,,,
arc_d3rangesymbolsrt,arc_dailyweekly,,text,d3rangesymbolsrt,,Day 3 Range Symbols RT,,,,,,,,,,,
arc_d4rangegrided,arc_dailyweekly,,text,d4rangegrided,,Day 4 Range GridED,,,,,,,,,,,
arc_d4rangepricesacc,arc_dailyweekly,,text,d4rangepricesacc,,Day 4 Range Prices Accuracy,,,,,,,,,,,
arc_d4rangepricesrt,arc_dailyweekly,,text,d4rangepricesrt,,Day 4 Range Prices RT,,,,,,,,,,,
arc_d4rangesymbolsacc,arc_dailyweekly,,text,d4rangesymbolsacc,,Day 4 Range Symbols Accuracy,,,,,,,,,,,
arc_d4rangesymbolsrt,arc_dailyweekly,,text,d4rangesymbolsrt,,Day 4 Range Symbols RT,,,,,,,,,,,
arc_d5rangegrided,arc_dailyweekly,,text,d5rangegrided,,Day 5 Range GridED,,,,,,,,,,,
arc_d5rangepricesacc,arc_dailyweekly,,text,d5rangepricesacc,,Day 5 Range Prices Accuracy,,,,,,,,,,,
arc_d5rangepricesrt,arc_dailyweekly,,text,d5rangepricesrt,,Day 5 Range Prices RT,,,,,,,,,,,
arc_d5rangesymbolsacc,arc_dailyweekly,,text,d5rangesymbolsacc,,Day 5 Range Symbols Accuracy,,,,,,,,,,,
arc_d5rangesymbolsrt,arc_dailyweekly,,text,d5rangesymbolsrt,,Day 5 Range Symbols RT,,,,,,,,,,,
arc_d6rangegrided,arc_dailyweekly,,text,d6rangegrided,,Day 6 Range GridED,,,,,,,,,,,
arc_d6rangepricesacc,arc_dailyweekly,,text,d6rangepricesacc,,Day 6 Range Prices Accuracy,,,,,,,,,,,
arc_d6rangepricesrt,arc_dailyweekly,,text,d6rangepricesrt,,Day 6 Range Prices RT,,,,,,,,,,,
arc_d6rangesymbolsacc,arc_dailyweekly,,text,d6rangesymbolsacc,,Day 6 Range Symbols Accuracy,,,,,,,,,,,
arc_d6rangesymbolsrt,arc_dailyweekly,,text,d6rangesymbolsrt,,Day 6 Range Symbols RT,,,,,,,,,,,
arc_d7rangegrided,arc_dailyweekly,,text,d7rangegrided,,Day 7 Range GridED,,,,,,,,,,,
arc_d7rangepricesacc,arc_dailyweekly,,text,d7rangepricesacc,,Day 7 Range Prices Accuracy,,,,,,,,,,,
arc_d7rangepricesrt,arc_dailyweekly,,text,d7rangepricesrt,,Day 7 Range Prices RT,,,,,,,,,,,
arc_d7rangesymbolsacc,arc_dailyweekly,,text,d7rangesymbolsacc,,Day 7 Range Symbols Accuracy,,,,,,,,,,,
arc_d7rangesymbolsrt,arc_dailyweekly,,text,d7rangesymbolsrt,,Day 7 Range Symbols RT,,,,,,,,,,,