field_name,form_name,section_header,field_type,field_label,select_choices_or_calculations,field_note,text_validation_type_or_show_slider_number,text_validation_min,text_validation_max,identifier,branching_logic,required_field,custom_alignment,question_number,matrix_group_name,matrix_ranking,field_annotation
life_d1cov_deptot,life_dailyweekly,,text,d1COV_emaDeptot,,Day 1 Daily CoV response: Sum of Dep1-Dep4,,,,,,,,,,,
life_d1cov_fatiguetot,life_dailyweekly,,text,d1COV_emaFatiguetot,,Day 1 Daily CoV response: Sum of Fatigue1 + Fatigue 2,,,,,,,,,,,
life_d1cov_pnnegtot,life_dailyweekly,,text,d1COV_emaPNnegtot,,"Day 1 Daily CoV sum of Pos/Neg1, Pos/Neg2, Pos/Neg3, Pos/Neg4",,,,,,,,,,,
life_d1cov_pnpostot,life_dailyweekly,,text,d1COV_emaPNpostot,,"Day 1 Daily CoV sum of Pos/Neg5, Pos/Neg6, Pos/Neg7",,,,,,,,,,,
life_d1cov_rumtot,life_dailyweekly,,text,d1COV_emaRumtot,,Day 1 Daily CoV Sum of Rum1-5,,,,,,,,,,,
life_d1cov_stresssev,life_dailyweekly,,text,d1COV_emaStressSev,,Day 1 Daily CoV response: (Stress 1) Rate the severity of your stress.,,,,,,,,,,,
life_d1mean_deptot,life_dailyweekly,,text,d1Mean_emaDeptot,,Day 1 Daily mean response: Sum of Dep1-Dep4,,,,,,,,,,,
life_d1mean_fatiguetot,life_dailyweekly,,text,d1Mean_emaFatiguetot,,Day 1 Daily mean response: Sum of Fatigue1 + Fatigue 2,,,,,,,,,,,
life_d1mean_pnnegtot,life_dailyweekly,,text,d1Mean_emaPNnegtot,,"Day 1 Daily mean sum of Pos/Neg1, Pos/Neg2, Pos/Neg3, Pos/Neg4",,,,,,,,,,,
life_d1mean_pnpostot,life_dailyweekly,,text,d1Mean_emaPNpostot,,"Day 1 Daily mean sum of Pos/Neg5, Pos/Neg6, Pos/Neg7",,,,,,,,,,,
life_d1mean_rumtot,life_dailyweekly,,text,d1Mean_emaRumtot,,Day 1 Daily mean Sum of Rum1-5,,,,,,,,,,,
life_d1mean_stresssev,life_dailyweekly,,text,d1Mean_emaStressSev,,Day 1 Daily mean response: (Stress 1) Rate the severity of your stress.,,,,,,,,,,,
life_d1sd_deptot,life_dailyweekly,,text,d1SD_emaDeptot,,Day 1 Daily SD response: Sum of Dep1-Dep4,,,,,,,,,,,
life_d1sd_fatiguetot,life_dailyweekly,,text,d1SD_emaFatiguetot,,Day 1 Daily SD response: Sum of Fatigue1 + Fatigue 2,,,,,,,,,,,
life_d1sd_pnnegtot,life_dailyweekly,,text,d1SD_emaPNnegtot,,"Day 1 Daily SD sum of Pos/Neg1, Pos/Neg2, Pos/Neg3, Pos/Neg4",,,,,,,,,,,
life_d1sd_pnpostot,life_dailyweekly,,text,d1SD_emaPNpostot,,"Day 1 Daily SD sum of Pos/Neg5, Pos/Neg6, Pos/Neg7",,,,,,,,,,,
life_d1sd_rumtot,life_dailyweekly,,text,d1SD_emaRumtot,,Day 1 Daily SD Sum of Rum1-5,,,,,,,,,,,
life_d1sd_stresssev,life_dailyweekly,,text,d1SD_emaStressSev,,Day 1 Daily SD response: (Stress 1) Rate the severity of your stress.,,,,,,,,,,,
life_d2cov_deptot,life_dailyweekly,,text,d2COV_emaDeptot,,Day 2 Daily CoV response: Sum of Dep1-Dep4,,,,,,,,,,,
life_d2cov_fatiguetot,life_dailyweekly,,text,d2COV_emaFatiguetot,,Day 2 Daily CoV response: Sum of Fatigue1 + Fatigue 2,,,,,,,,,,,
life_d2cov_pnnegtot,life_dailyweekly,,text,d2COV_emaPNnegtot,,"Day 2 Daily CoV sum of Pos/Neg1, Pos/Neg2, Pos/Neg3, Pos/Neg4",,,,,,,,,,,
life_d2cov_pnpostot,life_dailyweekly,,text,d2COV_emaPNpostot,,"Day 2 Daily CoV sum of Pos/Neg5, Pos/Neg6, Pos/Neg7",,,,,,,,,,,
life_d2cov_rumtot,life_dailyweekly,,text,d2COV_emaRumtot,,Day 2 Daily CoV Sum of Rum1-5,,,,,,,,,,,
life_d2cov_stresssev,life_dailyweekly,,text,d2COV_emaStressSev,,Day 2 Daily CoV response: (Stress 1) Rate the severity of your stress.,,,,,,,,,,,
life_d2mean_deptot,life_dailyweekly,,text,d2Mean_emaDeptot,,Day 2 Daily mean response: Sum of Dep1-Dep4,,,,,,,,,,,
life_d2mean_fatiguetot,life_dailyweekly,,text,d2Mean_emaFatiguetot,,Day 2 Daily mean response: Sum of Fatigue1 + Fatigue 2,,,,,,,,,,,
life_d2mean_pnnegtot,life_dailyweekly,,text,d2Mean_emaPNnegtot,,"Day 2 Daily mean sum of Pos/Neg1, Pos/Neg2, Pos/Neg3, Pos/Neg4",,,,,,,,,,,
life_d2mean_pnpostot,life_dailyweekly,,text,d2Mean_emaPNpostot,,"Day 2 Daily mean sum of Pos/Neg5, Pos/Neg6, Pos/Neg7",,,,,,,,,,,
life_d2mean_rumtot,life_dailyweekly,,text,d2Mean_emaRumtot,,Day 2 Daily mean Sum of Rum1-5,,,,,,,,,,,
life_d2mean_stresssev,life_dailyweekly,,text,d2Mean_emaStressSev,,Day 2 Daily mean response: (Stress 1) Rate the severity of your stress.,,,,,,,,,,,
life_d2sd_deptot,life_dailyweekly,,text,d2SD_emaDeptot,,Day 2 Daily SD response: Sum of Dep1-Dep4,,,,,,,,,,,
life_d2sd_fatiguetot,life_dailyweekly,,text,d2SD_emaFatiguetot,,Day 2 Daily SD response: Sum of Fatigue1 + Fatigue 2,,,,,,,,,,,
life_d2sd_pnnegtot,life_dailyweekly,,text,d2SD_emaPNnegtot,,"Day 2 Daily SD sum of Pos/Neg1, Pos/Neg2, Pos/Neg3, Pos/Neg4",,,,,,,,,,,
life_d2sd_pnpostot,life_dailyweekly,,text,d2SD_emaPNpostot,,"Day 2 Daily SD sum of Pos/Neg5, Pos/Neg6, Pos/Neg7",,,,,,,,,,,
life_d2sd_rumtot,life_dailyweekly,,text,d2SD_emaRumtot,,Day 2 Daily SD Sum of Rum1-5,,,,,,,,,,,
life_d2sd_stresssev,life_dailyweekly,,text,d2SD_emaStressSev,,Day 2 Daily SD response: (Stress 1) Rate the severity of your stress.,,,,,,,,,,,
life_d3cov_deptot,life_dailyweekly,,text,d3COV_emaDeptot,,Day 3 Daily CoV response: Sum of Dep1-Dep4,,,,,,,,,,,
life_d3cov_fatiguetot,life_dailyweekly,,text,d3COV_emaFatiguetot,,Day 3 Daily CoV response: Sum of Fatigue1 + Fatigue 2,,,,,,,,,,,
life_d3cov_pnnegtot,life_dailyweekly,,text,d3COV_emaPNnegtot,,"Day 3 Daily CoV sum of Pos/Neg1, Pos/Neg2, Pos/Neg3, Pos/Neg4",,,,,,,,,,,
life_d3cov_pnpostot,life_dailyweekly,,text,d3COV_emaPNpostot,,"Day 3 Daily CoV sum of Pos/Neg5, Pos/Neg6, Pos/Neg7",,,,,,,,,,,
life_d3cov_rumtot,life_dailyweekly,,text,d3COV_emaRumtot,,Day 3 Daily CoV Sum of Rum1-5,,,,,,,,,,,
life_d3cov_stresssev,life_dailyweekly,,text,d3COV_emaStressSev,,Day 3 Daily CoV response: (Stress 1) Rate the severity of your stress.,,,,,,,,,,,
life_d3mean_deptot,life_dailyweekly,,text,d3Mean_emaDeptot,,Day 3 Daily mean response: Sum of Dep1-Dep4,,,,,,,,,,,
life_d3mean_fatiguetot,life_dailyweekly,,text,d3Mean_emaFatiguetot,,Day 3 Daily mean response: Sum of Fatigue1 + Fatigue 2,,,,,,,,,,,
life_d3mean_pnnegtot,life_dailyweekly,,text,d3Mean_emaPNnegtot,,"Day 3 Daily mean sum of Pos/Neg1, Pos/Neg2, Pos/Neg3, Pos/Neg4",,,,,,,,,,,
life_d3mean_pnpostot,life_dailyweekly,,text,d3Mean_emaPNpostot,,"Day 3 Daily mean sum of Pos/Neg5, Pos/Neg6, Pos/Neg7",,,,,,,,,,,
life_d3mean_rumtot,life_dailyweekly,,text,d3Mean_emaRumtot,,Day 3 Daily mean Sum of Rum1-5,,,,,,,,,,,
life_d3mean_stresssev,life_dailyweekly,,text,d3Mean_emaStressSev,,Day 3 Daily mean response: (Stress 1) Rate the severity of your stress.,,,,,,,,,,,
life_d3sd_deptot,life_dailyweekly,,text,d3SD_emaDeptot,,Day 3 Daily SD response: Sum of Dep1-Dep4,,,,,,,,,,,
life_d3sd_fatiguetot,life_dailyweekly,,text,d3SD_emaFatiguetot,,Day 3 Daily SD response: Sum of Fatigue1 + Fatigue 2,,,,,,,,,,,
life_d3sd_pnnegtot,life_dailyweekly,,text,d3SD_emaPNnegtot,,"Day 3 Daily SD sum of Pos/Neg1, Pos/Neg2, Pos/Neg3, Pos/Neg4",,,,,,,,,,,
life_d3sd_pnpostot,life_dailyweekly,,text,d3SD_emaPNpostot,,"Day 3 Daily SD sum of Pos/Neg5, Pos/Neg6, Pos/Neg7",,,,,,,,,,,
life_d3sd_rumtot,life_dailyweekly,,text,d3SD_emaRumtot,,Day 3 Daily SD Sum of Rum1-5,,,,,,,,,,,
life_d3sd_stresssev,life_dailyweekly,,text,d3SD_emaStressSev,,Day 3 Daily SD response: (Stress 1) Rate the severity of your stress.,,,,,,,,,,,
life_d4cov_deptot,life_dailyweekly,,text,d4COV_emaDeptot,,Day 4 Daily CoV response: Sum of Dep1-Dep4,,,,,,,,,,,
life_d4cov_fatiguetot,life_dailyweekly,,text,d4COV_emaFatiguetot,,Day 4 Daily CoV response: Sum of Fatigue1 + Fatigue 2,,,,,,,,,,,
life_d4cov_pnnegtot,life_dailyweekly,,text,d4COV_emaPNnegtot,,"Day 4 Daily CoV sum of Pos/Neg1, Pos/Neg2, Pos/Neg3, Pos/Neg4",,,,,,,,,,,
life_d4cov_pnpostot,life_dailyweekly,,text,d4COV_emaPNpostot,,"Day 4 Daily CoV sum of Pos/Neg5, Pos/Neg6, Pos/Neg7",,,,,,,,,,,
life_d4cov_rumtot,life_dailyweekly,,text,d4COV_emaRumtot,,Day 4 Daily CoV Sum of Rum1-5,,,,,,,,,,,
life_d4cov_stresssev,life_dailyweekly,,text,d4COV_emaStressSev,,Day 4 Daily CoV response: (Stress 1) Rate the severity of your stress.,,,,,,,,,,,
life_d4mean_deptot,life_dailyweekly,,text,d4Mean_emaDeptot,,Day 4 Daily mean response: Sum of Dep1-Dep4,,,,,,,,,,,
life_d4mean_fatiguetot,life_dailyweekly,,text,d4Mean_emaFatiguetot,,Day 4 Daily mean response: Sum of Fatigue1 + Fatigue 2,,,,,,,,,,,
life_d4mean_pnnegtot,life_dailyweekly,,text,d4Mean_emaPNnegtot,,"Day 4 Daily mean sum of Pos/Neg1, Pos/Neg2, Pos/Neg3, Pos/Neg4",,,,,,,,,,,
life_d4mean_pnpostot,life_dailyweekly,,text,d4Mean_emaPNpostot,,"Day 4 Daily mean sum of Pos/Neg5, Pos/Neg6, Pos/Neg7",,,,,,,,,,,
life_d4mean_rumtot,life_dailyweekly,,text,d4Mean_emaRumtot,,Day 4 Daily mean Sum of Rum1-5,,,,,,,,,,,
life_d4mean_stresssev,life_dailyweekly,,text,d4Mean_emaStressSev,,Day 4 Daily mean response: (Stress 1) Rate the severity of your stress.,,,,,,,,,,,
life_d4sd_deptot,life_dailyweekly,,text,d4SD_emaDeptot,,Day 4 Daily SD response: Sum of Dep1-Dep4,,,,,,,,,,,
life_d4sd_fatiguetot,life_dailyweekly,,text,d4SD_emaFatiguetot,,Day 4 Daily SD response: Sum of Fatigue1 + Fatigue 2,,,,,,,,,,,
life_d4sd_pnnegtot,life_dailyweekly,,text,d4SD_emaPNnegtot,,"Day 4 Daily SD sum of Pos/Neg1, Pos/Neg2, Pos/Neg3, Pos/Neg4",,,,,,,,,,,
life_d4sd_pnpostot,life_dailyweekly,,text,d4SD_emaPNpostot,,"Day 4 Daily SD sum of Pos/Neg5, Pos/Neg6, Pos/Neg7",,,,,,,,,,,
life_d4sd_rumtot,life_dailyweekly,,text,d4SD_emaRumtot,,Day 4 Daily SD Sum of Rum1-5,,,,,,,,,,,
life_d4sd_stresssev,life_dailyweekly,,text,d4SD_emaStressSev,,Day 4 Daily SD response: (Stress 1) Rate the severity of your stress.,,,,,,,,,,,
life_d5cov_deptot,life_dailyweekly,,text,d5COV_emaDeptot,,Day 5 Daily CoV response: Sum of Dep1-Dep4,,,,,,,,,,,
life_d5cov_fatiguetot,life_dailyweekly,,text,d5COV_emaFatiguetot,,Day 5 Daily CoV response: Sum of Fatigue1 + Fatigue 2,,,,,,,,,,,
life_d5cov_pnnegtot,life_dailyweekly,,text,d5COV_emaPNnegtot,,"Day 5 Daily CoV sum of Pos/Neg1, Pos/Neg2, Pos/Neg3, Pos/Neg4",,,,,,,,,,,
life_d5cov_pnpostot,life_dailyweekly,,text,d5COV_emaPNpostot,,"Day 5 Daily CoV sum of Pos/Neg5, Pos/Neg6, Pos/Neg7",,,,,,,,,,,
life_d5cov_rumtot,life_dailyweekly,,text,d5COV_emaRumtot,,Day 5 Daily CoV Sum of Rum1-5,,,,,,,,,,,
life_d5cov_stresssev,life_dailyweekly,,text,d5COV_emaStressSev,,Day 5 Daily CoV response: (Stress 1) Rate the severity of your stress.,,,,,,,,,,,
life_d5mean_deptot,life_dailyweekly,,text,d5Mean_emaDeptot,,Day 5 Daily mean response: Sum of Dep1-Dep4,,,,,,,,,,,
life_d5mean_fatiguetot,life_dailyweekly,,text,d5Mean_emaFatiguetot,,Day 5 Daily mean response: Sum of Fatigue1 + Fatigue 2,,,,,,,,,,,
life_d5mean_pnnegtot,life_dailyweekly,,text,d5Mean_emaPNnegtot,,"Day 5 Daily mean sum of Pos/Neg1, Pos/Neg2, Pos/Neg3, Pos/Neg4",,,,,,,,,,,
life_d5mean_pnpostot,life_dailyweekly,,text,d5Mean_emaPNpostot,,"Day 5 Daily mean sum of Pos/Neg5, Pos/Neg6, Pos/Neg7",,,,,,,,,,,
life_d5mean_rumtot,life_dailyweekly,,text,d5Mean_emaRumtot,,Day 5 Daily mean Sum of Rum1-5,,,,,,,,,,,
life_d5mean_stresssev,life_dailyweekly,,text,d5Mean_emaStressSev,,Day 5 Daily mean response: (Stress 1) Rate the severity of your stress.,,,,,,,,,,,
life_d5sd_deptot,life_dailyweekly,,text,d5SD_emaDeptot,,Day 5 Daily SD response: Sum of Dep1-Dep4,,,,,,,,,,,
life_d5sd_fatiguetot,life_dailyweekly,,text,d5SD_emaFatiguetot,,Day 5 Daily SD response: Sum of Fatigue1 + Fatigue 2,,,,,,,,,,,
life_d5sd_pnnegtot,life_dailyweekly,,text,d5SD_emaPNnegtot,,"Day 5 Daily SD sum of Pos/Neg1, Pos/Neg2, Pos/Neg3, Pos/Neg4",,,,,,,,,,,
life_d5sd_pnpostot,life_dailyweekly,,text,d5SD_emaPNpostot,,"Day 5 Daily SD sum of Pos/Neg5, Pos/Neg6, Pos/Neg7",,,,,,,,,,,
life_d5sd_rumtot,life_dailyweekly,,text,d5SD_emaRumtot,,Day 5 Daily SD Sum of Rum1-5,,,,,,,,,,,
life_d5sd_stresssev,life_dailyweekly,,text,d5SD_emaStressSev,,Day 5 Daily SD response: (Stress 1) Rate the severity of your stress.,,,,,,,,,,,
life_d6cov_deptot,life_dailyweekly,,text,d6COV_emaDeptot,,Day 6 Daily CoV response: Sum of Dep1-Dep4,,,,,,,,,,,
life_d6cov_fatiguetot,life_dailyweekly,,text,d6COV_emaFatiguetot,,Day 6 Daily CoV response: Sum of Fatigue1 + Fatigue 2,,,,,,,,,,,
life_d6cov_pnnegtot,life_dailyweekly,,text,d6COV_emaPNnegtot,,"Day 6 Daily CoV sum of Pos/Neg1, Pos/Neg2, Pos/Neg3, Pos/Neg4",,,,,,,,,,,
life_d6cov_pnpostot,life_dailyweekly,,text,d6COV_emaPNpostot,,"Day 6 Daily CoV sum of Pos/Neg5, Pos/Neg6, Pos/Neg7",,,,,,,,,,,
life_d6cov_rumtot,life_dailyweekly,,text,d6COV_emaRumtot,,Day 6 Daily CoV Sum of Rum1-5,,,,,,,,,,,
life_d6cov_stresssev,life_dailyweekly,,text,d6COV_emaStressSev,,Day 6 Daily CoV response: (Stress 1) Rate the severity of your stress.,,,,,,,,,,,
life_d6mean_deptot,life_dailyweekly,,text,d6Mean_emaDeptot,,Day 6 Daily mean response: Sum of Dep1-Dep4,,,,,,,,,,,
life_d6mean_fatiguetot,life_dailyweekly,,text,d6Mean_emaFatiguetot,,Day 6 Daily mean response: Sum of Fatigue1 + Fatigue 2,,,,,,,,,,,
life_d6mean_pnnegtot,life_dailyweekly,,text,d6Mean_emaPNnegtot,,"Day 6 Daily mean sum of Pos/Neg1, Pos/Neg2, Pos/Neg3, Pos/Neg4",,,,,,,,,,,
life_d6mean_pnpostot,life_dailyweekly,,text,d6Mean_emaPNpostot,,"Day 6 Daily mean sum of Pos/Neg5, Pos/Neg6, Pos/Neg7",,,,,,,,,,,
life_d6mean_rumtot,life_dailyweekly,,text,d6Mean_emaRumtot,,Day 6 Daily mean Sum of Rum1-5,,,,,,,,,,,
life_d6mean_stresssev,life_dailyweekly,,text,d6Mean_emaStressSev,,Day 6 Daily mean response: (Stress 1) Rate the severity of your stress.,,,,,,,,,,,
life_d6sd_deptot,life_dailyweekly,,text,d6SD_emaDeptot,,Day 6 Daily SD response: Sum of Dep1-Dep4,,,,,,,,,,,
life_d6sd_fatiguetot,life_dailyweekly,,text,d6SD_emaFatiguetot,,Day 6 Daily SD response: Sum of Fatigue1 + Fatigue 2,,,,,,,,,,,
life_d6sd_pnnegtot,life_dailyweekly,,text,d6SD_emaPNnegtot,,"Day 6 Daily SD sum of Pos/Neg1, Pos/Neg2, Pos/Neg3, Pos/Neg4",,,,,,,,,,,
life_d6sd_pnpostot,life_dailyweekly,,text,d6SD_emaPNpostot,,"Day 6 Daily SD sum of Pos/Neg5, Pos/Neg6, Pos/Neg7",,,,,,,,,,,
life_d6sd_rumtot,life_dailyweekly,,text,d6SD_emaRumtot,,Day 6 Daily SD Sum of Rum1-5,,,,,,,,,,,
life_d6sd_stresssev,life_dailyweekly,,text,d6SD_emaStressSev,,Day 6 Daily SD response: (Stress 1) Rate the severity of your stress.,,,,,,,,,,,
life_d7cov_deptot,life_dailyweekly,,text,d7COV_emaDeptot,,Day 7 Daily CoV response: Sum of Dep1-Dep4,,,,,,,,,,,
life_d7cov_fatiguetot,life_dailyweekly,,text,d7COV_emaFatiguetot,,Day 7 Daily CoV response: Sum of Fatigue1 + Fatigue 2,,,,,,,,,,,
life_d7cov_pnnegtot,life_dailyweekly,,text,d7COV_emaPNnegtot,,"Day 7 Daily CoV sum of Pos/Neg1, Pos/Neg2, Pos/Neg3, Pos/Neg4",,,,,,,,,,,
life_d7cov_pnpostot,life_dailyweekly,,text,d7COV_emaPNpostot,,"Day 7 Daily CoV sum of Pos/Neg5, Pos/Neg6, Pos/Neg7",,,,,,,,,,,
life_d7cov_rumtot,life_dailyweekly,,text,d7COV_emaRumtot,,Day 7 Daily CoV Sum of Rum1-5,,,,,,,,,,,
life_d7cov_stresssev,life_dailyweekly,,text,d7COV_emaStressSev,,Day 7 Daily CoV response: (Stress 1) Rate the severity of your stress.,,,,,,,,,,,
life_d7mean_deptot,life_dailyweekly,,text,d7Mean_emaDeptot,,Day 7 Daily mean response: Sum of Dep1-Dep4,,,,,,,,,,,
life_d7mean_fatiguetot,life_dailyweekly,,text,d7Mean_emaFatiguetot,,Day 7 Daily mean response: Sum of Fatigue1 + Fatigue 2,,,,,,,,,,,
life_d7mean_pnnegtot,life_dailyweekly,,text,d7Mean_emaPNnegtot,,"Day 7 Daily mean sum of Pos/Neg1, Pos/Neg2, Pos/Neg3, Pos/Neg4",,,,,,,,,,,
life_d7mean_pnpostot,life_dailyweekly,,text,d7Mean_emaPNpostot,,"Day 7 Daily mean sum of Pos/Neg5, Pos/Neg6, Pos/Neg7",,,,,,,,,,,
life_d7mean_rumtot,life_dailyweekly,,text,d7Mean_emaRumtot,,Day 7 Daily mean Sum of Rum1-5,,,,,,,,,,,
life_d7mean_stresssev,life_dailyweekly,,text,d7Mean_emaStressSev,,Day 7 Daily mean response: (Stress 1) Rate the severity of your stress.,,,,,,,,,,,
life_d7sd_deptot,life_dailyweekly,,text,d7SD_emaDeptot,,Day 7 Daily SD response: Sum of Dep1-Dep4,,,,,,,,,,,
life_d7sd_fatiguetot,life_dailyweekly,,text,d7SD_emaFatiguetot,,Day 7 Daily SD response: Sum of Fatigue1 + Fatigue 2,,,,,,,,,,,
life_d7sd_pnnegtot,life_dailyweekly,,text,d7SD_emaPNnegtot,,"Day 7 Daily SD sum of Pos/Neg1, Pos/Neg2, Pos/Neg3, Pos/Neg4",,,,,,,,,,,
life_d7sd_pnpostot,life_dailyweekly,,text,d7SD_emaPNpostot,,"Day 7 Daily SD sum of Pos/Neg5, Pos/Neg6, Pos/Neg7",,,,,,,,,,,
life_d7sd_rumtot,life_dailyweekly,,text,d7SD_emaRumtot,,Day 7 Daily SD Sum of Rum1-5,,,,,,,,,,,
life_d7sd_stresssev,life_dailyweekly,,text,d7SD_emaStressSev,,Day 7 Daily SD response: (Stress 1) Rate the severity of your stress.,,,,,,,,,,,
life_d8cov_deptot,life_dailyweekly,,text,d8COV_emaDeptot,,Day 8 Daily CoV response: Sum of Dep1-Dep4,,,,,,,,,,,
life_d8cov_fatiguetot,life_dailyweekly,,text,d8COV_emaFatiguetot,,Day 8 Daily CoV response: Sum of Fatigue1 + Fatigue 2,,,,,,,,,,,
life_d8cov_pnnegtot,life_dailyweekly,,text,d8COV_emaPNnegtot,,"Day 8 Daily CoV sum of Pos/Neg1, Pos/Neg2, Pos/Neg3, Pos/Neg4",,,,,,,,,,,
life_d8cov_pnpostot,life_dailyweekly,,text,d8COV_emaPNpostot,,"Day 8 Daily CoV sum of Pos/Neg5, Pos/Neg6, Pos/Neg7",,,,,,,,,,,
life_d8cov_rumtot,life_dailyweekly,,text,d8COV_emaRumtot,,Day 8 Daily CoV Sum of Rum1-5,,,,,,,,,,,
life_d8cov_stresssev,life_dailyweekly,,text,d8COV_emaStressSev,,Day 8 Daily CoV response: (Stress 1) Rate the severity of your stress.,,,,,,,,,,,
life_d8mean_deptot,life_dailyweekly,,text,d8Mean_emaDeptot,,Day 8 Daily mean response: Sum of Dep1-Dep4,,,,,,,,,,,
life_d8mean_fatiguetot,life_dailyweekly,,text,d8Mean_emaFatiguetot,,Day 8 Daily mean response: Sum of Fatigue1 + Fatigue 2,,,,,,,,,,,
life_d8mean_pnnegtot,life_dailyweekly,,text,d8Mean_emaPNnegtot,,"Day 8 Daily mean sum of Pos/Neg1, Pos/Neg2, Pos/Neg3, Pos/Neg4",,,,,,,,,,,
life_d8mean_pnpostot,life_dailyweekly,,text,d8Mean_emaPNpostot,,"Day 8 Daily mean sum of Pos/Neg5, Pos/Neg6, Pos/Neg7",,,,,,,,,,,
life_d8mean_rumtot,life_dailyweekly,,text,d8Mean_emaRumtot,,Day 8 Daily mean Sum of Rum1-5,,,,,,,,,,,
life_d8mean_stresssev,life_dailyweekly,,text,d8Mean_emaStressSev,,Day 8 Daily mean response: (Stress 1) Rate the severity of your stress.,,,,,,,,,,,
life_d8sd_deptot,life_dailyweekly,,text,d8SD_emaDeptot,,Day 8 Daily SD response: Sum of Dep1-Dep4,,,,,,,,,,,
life_d8sd_fatiguetot,life_dailyweekly,,text,d8SD_emaFatiguetot,,Day 8 Daily SD response: Sum of Fatigue1 + Fatigue 2,,,,,,,,,,,
life_d8sd_pnnegtot,life_dailyweekly,,text,d8SD_emaPNnegtot,,"Day 8 Daily SD sum of Pos/Neg1, Pos/Neg2, Pos/Neg3, Pos/Neg4",,,,,,,,,,,
life_d8sd_pnpostot,life_dailyweekly,,text,d8SD_emaPNpostot,,"Day 8 Daily SD sum of Pos/Neg5, Pos/Neg6, Pos/Neg7",,,,,,,,,,,
life_d8sd_rumtot,life_dailyweekly,,text,d8SD_emaRumtot,,Day 8 Daily SD Sum of Rum1-5,,,,,,,,,,,
life_d8sd_stresssev,life_dailyweekly,,text,d8SD_emaStressSev,,Day 8 Daily SD response: (Stress 1) Rate the severity of your stress.,,,,,,,,,,,
life_wcov_deptot,life_dailyweekly,,text,wCOV_emaDeptot,,Weekly CoV response: Sum of Dep1-Dep4,,,,,,,,,,,
life_wcov_fatiguetot,life_dailyweekly,,text,wCOV_emaFatiguetot,,Weekly CoV response: Sum of Fatigue1 + Fatigue 2,,,,,,,,,,,
life_wcov_pnnegtot,life_dailyweekly,,text,wCOV_emaPNnegtot,,"Weekly CoV sum of Pos/Neg1, Pos/Neg2, Pos/Neg3, Pos/Neg4",,,,,,,,,,,
life_wcov_pnpostot,life_dailyweekly,,text,wCOV_emaPNpostot,,"Weekly CoV sum of Pos/Neg5, Pos/Neg6, Pos/Neg7",,,,,,,,,,,
life_wcov_rumtot,life_dailyweekly,,text,wCOV_emaRumtot,,Weekly CoV Sum of Rum1-5,,,,,,,,,,,
life_wcov_stresssev,life_dailyweekly,,text,wCOV_emaStressSev,,Weekly CoV response: (Stress 1) Rate the severity of your stress.,,,,,,,,,,,
life_wmean_deptot,life_dailyweekly,,text,wMean_emaDeptot,,Weekly mean response: Sum of Dep1-Dep4,,,,,,,,,,,
life_wmean_fatiguetot,life_dailyweekly,,text,wMean_emaFatiguetot,,Weekly mean response: Sum of Fatigue1 + Fatigue 2,,,,,,,,,,,
life_wmean_pnnegtot,life_dailyweekly,,text,wMean_emaPNnegtot,,"Weekly mean sum of Pos/Neg1, Pos/Neg2, Pos/Neg3, Pos/Neg4",,,,,,,,,,,
life_wmean_pnpostot,life_dailyweekly,,text,wMean_emaPNpostot,,"Weekly mean sum of Pos/Neg5, Pos/Neg6, Pos/Neg7",,,,,,,,,,,
life_wmean_rumtot,life_dailyweekly,,text,wMean_emaRumtot,,Weekly mean Sum of Rum1-5,,,,,,,,,,,
life_wmean_stresssev,life_dailyweekly,,text,wMean_emaStressSev,,Weekly mean response: (Stress 1) Rate the severity of your stress.,,,,,,,,,,,
life_wsd_deptot,life_dailyweekly,,text,wSD_emaDeptot,,Weekly SD response: Sum of Dep1-Dep4,,,,,,,,,,,
life_wsd_fatiguetot,life_dailyweekly,,text,wSD_emaFatiguetot,,Weekly SD response: Sum of Fatigue1 + Fatigue 2,,,,,,,,,,,
life_wsd_pnnegtot,life_dailyweekly,,text,wSD_emaPNnegtot,,"Weekly SD sum of Pos/Neg1, Pos/Neg2, Pos/Neg3, Pos/Neg4",,,,,,,,,,,
life_wsd_pnpostot,life_dailyweekly,,text,wSD_emaPNpostot,,"Weekly SD sum of Pos/Neg5, Pos/Neg6, Pos/Neg7",,,,,,,,,,,
life_wsd_rumtot,life_dailyweekly,,text,wSD_emaRumtot,,Weekly SD Sum of Rum1-5,,,,,,,,,,,
life_wsd_stresssev,life_dailyweekly,,text,wSD_emaStressSev,,Weekly SD response: (Stress 1) Rate the severity of your stress.,,,,,,,,,,,
life_wlifesesscomp,life_dailyweekly,,text,wLifeSessComp,,Weekly count of complete sessions,,,,,,,,,,,
life_d1lifesesscomp,life_dailyweekly,,text,d1LifeSessComp,,Day 1 count of complete sessions,,,,,,,,,,,
life_d2lifesesscomp,life_dailyweekly,,text,d2LifeSessComp,,Day 2 count of complete sessions,,,,,,,,,,,
life_d3lifesesscomp,life_dailyweekly,,text,d3LifeSessComp,,Day 3 count of complete sessions,,,,,,,,,,,
life_d4lifesesscomp,life_dailyweekly,,text,d4LifeSessComp,,Day 4 count of complete sessions,,,,,,,,,,,
life_d5lifesesscomp,life_dailyweekly,,text,d5LifeSessComp,,Day 5 count of complete sessions,,,,,,,,,,,
life_d6lifesesscomp,life_dailyweekly,,text,d6LifeSessComp,,Day 6 count of complete sessions,,,,,,,,,,,
life_d7lifesesscomp,life_dailyweekly,,text,d7LifeSessComp,,Day 7 count of complete sessions,,,,,,,,,,,
life_wrange_deptot,life_dailyweekly,,text,wrange_emadeptot,,Weekly range,,,,,,,,,,,
life_wrange_fatiguetot,life_dailyweekly,,text,wrange_emafatiguetot,,Weekly range,,,,,,,,,,,
life_wrange_pnnegtot,life_dailyweekly,,text,wrange_emapnnegtot,,Weekly range,,,,,,,,,,,
life_wrange_pnpostot,life_dailyweekly,,text,wrange_emapnpostot,,Weekly range,,,,,,,,,,,
life_wrange_rumtot,life_dailyweekly,,text,wrange_emarumtot,,Weekly range,,,,,,,,,,,
life_wrange_stresssev,life_dailyweekly,,text,wrange_emastresssev,,Weekly range,,,,,,,,,,,
life_d1range_deptot,life_dailyweekly,,text,d1range_emadeptot,,Day 1 range,,,,,,,,,,,
life_d1range_fatiguetot,life_dailyweekly,,text,d1range_emafatiguetot,,Day 1 range,,,,,,,,,,,
life_d1range_pnnegtot,life_dailyweekly,,text,d1range_emapnnegtot,,Day 1 range,,,,,,,,,,,
life_d1range_pnpostot,life_dailyweekly,,text,d1range_emapnpostot,,Day 1 range,,,,,,,,,,,
life_d1range_rumtot,life_dailyweekly,,text,d1range_emarumtot,,Day 1 range,,,,,,,,,,,
life_d1range_stresssev,life_dailyweekly,,text,d1range_emastresssev,,Day 1 range,,,,,,,,,,,
life_d2range_deptot,life_dailyweekly,,text,d2range_emadeptot,,Day 2 range,,,,,,,,,,,
life_d2range_fatiguetot,life_dailyweekly,,text,d2range_emafatiguetot,,Day 2 range,,,,,,,,,,,
life_d2range_pnnegtot,life_dailyweekly,,text,d2range_emapnnegtot,,Day 2 range,,,,,,,,,,,
life_d2range_pnpostot,life_dailyweekly,,text,d2range_emapnpostot,,Day 2 range,,,,,,,,,,,
life_d2range_rumtot,life_dailyweekly,,text,d2range_emarumtot,,Day 2 range,,,,,,,,,,,
life_d2range_stresssev,life_dailyweekly,,text,d2range_emastresssev,,Day 2 range,,,,,,,,,,,
life_d3range_deptot,life_dailyweekly,,text,d3range_emadeptot,,Day 3 range,,,,,,,,,,,
life_d3range_fatiguetot,life_dailyweekly,,text,d3range_emafatiguetot,,Day 3 range,,,,,,,,,,,
life_d3range_pnnegtot,life_dailyweekly,,text,d3range_emapnnegtot,,Day 3 range,,,,,,,,,,,
life_d3range_pnpostot,life_dailyweekly,,text,d3range_emapnpostot,,Day 3 range,,,,,,,,,,,
life_d3range_rumtot,life_dailyweekly,,text,d3range_emarumtot,,Day 3 range,,,,,,,,,,,
life_d3range_stresssev,life_dailyweekly,,text,d3range_emastresssev,,Day 3 range,,,,,,,,,,,
life_d4range_deptot,life_dailyweekly,,text,d4range_emadeptot,,Day 4 range,,,,,,,,,,,
life_d4range_fatiguetot,life_dailyweekly,,text,d4range_emafatiguetot,,Day 4 range,,,,,,,,,,,
life_d4range_pnnegtot,life_dailyweekly,,text,d4range_emapnnegtot,,Day 4 range,,,,,,,,,,,
life_d4range_pnpostot,life_dailyweekly,,text,d4range_emapnpostot,,Day 4 range,,,,,,,,,,,
life_d4range_rumtot,life_dailyweekly,,text,d4range_emarumtot,,Day 4 range,,,,,,,,,,,
life_d4range_stresssev,life_dailyweekly,,text,d4range_emastresssev,,Day 4 range,,,,,,,,,,,
life_d5range_deptot,life_dailyweekly,,text,d5range_emadeptot,,Day 5 range,,,,,,,,,,,
life_d5range_fatiguetot,life_dailyweekly,,text,d5range_emafatiguetot,,Day 5 range,,,,,,,,,,,
life_d5range_pnnegtot,life_dailyweekly,,text,d5range_emapnnegtot,,Day 5 range,,,,,,,,,,,
life_d5range_pnpostot,life_dailyweekly,,text,d5range_emapnpostot,,Day 5 range,,,,,,,,,,,
life_d5range_rumtot,life_dailyweekly,,text,d5range_emarumtot,,Day 5 range,,,,,,,,,,,
life_d5range_stresssev,life_dailyweekly,,text,d5range_emastresssev,,Day 5 range,,,,,,,,,,,
life_d6range_deptot,life_dailyweekly,,text,d6range_emadeptot,,Day 6 range,,,,,,,,,,,
life_d6range_fatiguetot,life_dailyweekly,,text,d6range_emafatiguetot,,Day 6 range,,,,,,,,,,,
life_d6range_pnnegtot,life_dailyweekly,,text,d6range_emapnnegtot,,Day 6 range,,,,,,,,,,,
life_d6range_pnpostot,life_dailyweekly,,text,d6range_emapnpostot,,Day 6 range,,,,,,,,,,,
life_d6range_rumtot,life_dailyweekly,,text,d6range_emarumtot,,Day 6 range,,,,,,,,,,,
life_d6range_stresssev,life_dailyweekly,,text,d6range_emastresssev,,Day 6 range,,,,,,,,,,,
life_d7range_deptot,life_dailyweekly,,text,d7range_emadeptot,,Day 7 range,,,,,,,,,,,
life_d7range_fatiguetot,life_dailyweekly,,text,d7range_emafatiguetot,,Day 7 range,,,,,,,,,,,
life_d7range_pnnegtot,life_dailyweekly,,text,d7range_emapnnegtot,,Day 7 range,,,,,,,,,,,
life_d7range_pnpostot,life_dailyweekly,,text,d7range_emapnpostot,,Day 7 range,,,,,,,,,,,
life_d7range_rumtot,life_dailyweekly,,text,d7range_emarumtot,,Day 7 range,,,,,,,,,,,
life_d7range_stresssev,life_dailyweekly,,text,d7range_emastresssev,,Day 7 range,,,,,,,,,,,