"Variable / Field Name","Form Name","Section Header","Field Type","Field Label","Choices, Calculations, OR Slider Labels","Field Note","Text Validation Type OR Show Slider Number","Text Validation Min","Text Validation Max",Identifier?,"Branching Logic (Show field only if...)","Required Field?","Custom Alignment","Question Number (surveys only)","Matrix Group Name","Matrix Ranking?","Field Annotation"
toolbox_date,nih_toolbox,,text,"Date completed",,,date_mdy,,,,,,,,,,
toolbox_regdata,nih_toolbox,,file,"NIH Toolbox Registration Data File",,,,,,,,,,,,,
toolbox_cogdata,nih_toolbox,,file,"NIH Toolbox Cognition Data File",,,,,,,,,,,,,
toolbox_cogscores,nih_toolbox,,file,"NIH Toolbox Cognition Scores",,,,,,,,,,,,,
toolbox_pin,nih_toolbox,,text,"NIH Toolbox PIN",,,,,,,,,,,,,
toolbox_deviceid,nih_toolbox,,text,"NIH Toolbox Device ID",,,,,,,,,,,,,
toolbox_age,nih_toolbox,,text,"NIH Toolbox Age",,,,,,,,,,,,,
toolbox_education,nih_toolbox,,text,"NIH Toolbox Education",,,,,,,,,,,,,
toolbox_gender,nih_toolbox,,text,"NIH Toolbox Gender",,,,,,,,,,,,,
toolbox_handedness,nih_toolbox,,text,"NIH Toolbox Handedness",,,,,,,,,,,,,
toolbox_race,nih_toolbox,,text,"NIH Toolbox Race",,,,,,,,,,,,,
toolbox_ethnicity,nih_toolbox,,text,"NIH Toolbox Ethnicity",,,,,,,,,,,,,
toolbox_assessment,nih_toolbox,,text,"NIH Toolbox Assessment",,,,,,,,,,,,,
toolbox_picseqtest_raw,nih_toolbox,,text,"NIH Toolbox Picture Sequence Memory Test Raw Score",,,,,,,,,,,,,
toolbox_picseqtest_theta,nih_toolbox,,text,"NIH Toolbox Picture Sequence Memory Test Theta",,,,,,,,,,,,,
toolbox_picseqtest_uncstd,nih_toolbox,,text,"NIH Toolbox Picture Sequence Memory Test Uncorrected Standard Score",,,,,,,,,,,,,
toolbox_picseqtest_agestd,nih_toolbox,,text,"NIH Toolbox Picture Sequence Memory Test Age-Corrected Standard Score",,,,,,,,,,,,,
toolbox_picseqtest_tscore,nih_toolbox,,text,"NIH Toolbox Picture Sequence Memory Test Fully-Corrected T-Score",,,,,,,,,,,,,
toolbox_listsorttest_raw,nih_toolbox,,text,"NIH Toolbox List Sort Test Raw Score",,,,,,,,,,,,,
toolbox_listsorttest_uncstd,nih_toolbox,,text,"NIH Toolbox List Sort Test Uncorrected Standard Score",,,,,,,,,,,,,
toolbox_listsorttest_agestd,nih_toolbox,,text,"NIH Toolbox List Sort Test Age-Corrected Standard Score",,,,,,,,,,,,,
toolbox_listsorttest_tscore,nih_toolbox,,text,"NIH Toolbox List Sort Test Fully-Corrected T-Score",,,,,,,,,,,,,
toolbox_patterntest_raw,nih_toolbox,,text,"NIH Toolbox Pattern Comparison Test Raw Score",,,,,,,,,,,,,
toolbox_patterntest_uncstd,nih_toolbox,,text,"NIH Toolbox Pattern Comparision Test Uncorrected Standard Score",,,,,,,,,,,,,
toolbox_patterntest_agestd,nih_toolbox,,text,"NIH Toolbox Pattern Comparision Test Age-Corrected Standard Score",,,,,,,,,,,,,
toolbox_patterntest_tscore,nih_toolbox,,text,"NIH Toolbox Pattern Comparision Test Fully-Corrected T-Score",,,,,,,,,,,,,
toolbox_picvocabtest_theta,nih_toolbox,,text,"NIH Toolbox Picture Vocabulary Test Theta",,,,,,,,,,,,,
toolbox_picvocabtest_uncstd,nih_toolbox,,text,"NIH Toolbox Picture Vocabulary Test Uncorrected Standard Score",,,,,,,,,,,,,
toolbox_picvocabtest_agestd,nih_toolbox,,text,"NIH Toolbox Picture Vocabulary Test Age-Corrected Standard Score",,,,,,,,,,,,,
toolbox_picvocabtest_tscore,nih_toolbox,,text,"NIH Toolbox Picture Vocabulary Test Fully-Corrected Score",,,,,,,,,,,,,
toolbox_flankertest_raw,nih_toolbox,,text,"NIH Toolbox Flanker Test Raw Score",,,,,,,,,,,,,
toolbox_flankertest_uncstd,nih_toolbox,,text,"NIH Toolbox Flanker Test Uncorrected Standard Score",,,,,,,,,,,,,
toolbox_flankertest_agestd,nih_toolbox,,text,"NIH Toolbox Flanker Test Age-Corrected Standard Score",,,,,,,,,,,,,
toolbox_flankertest_tscore,nih_toolbox,,text,"NIH Toolbox Flanker Test Fully-Corrected T-score",,,,,,,,,,,,,
toolbox_cardsorttest_raw,nih_toolbox,,text,"NIH Toolbox Card Sort Test Raw Score",,,,,,,,,,,,,
toolbox_cardsorttest_uncstd,nih_toolbox,,text,"NIH Toolbox Card Sort Test Uncorrected Standard Score",,,,,,,,,,,,,
toolbox_cardsorttest_agestd,nih_toolbox,,text,"NIH Toolbox Card Sort Test Age-Corrected Standard Score",,,,,,,,,,,,,
toolbox_cardsorttest_tscore,nih_toolbox,,text,"NIH Toolbox Card Sort Test Fully-Corrected T-score",,,,,,,,,,,,,
toolbox_audlearntest_raw,nih_toolbox,,text,"NIH Toolbox Auditory Verbal Learning Test Raw Score",,,,,,,,,,,,,
toolbox_oralrecogtest_theta,nih_toolbox,,text,"NIH Toolbox Oral Reading Recognition Test Theta",,,,,,,,,,,,,
toolbox_oralrecogtest_uncstd,nih_toolbox,,text,"NIH Toolbox Oral Reading Recognition Test Uncorrected Standard Score",,,,,,,,,,,,,
toolbox_oralrecogtest_agestd,nih_toolbox,,text,"NIH Toolbox Oral Reading Recognition Test Age-Corrected Standard Score",,,,,,,,,,,,,
toolbox_oralrecogtest_tscore,nih_toolbox,,text,"NIH Toolbox Oral Reading Recognition Test Fully-Corrected T-Score",,,,,,,,,,,,,
toolbox_cogcrystalcomp_uncstd,nih_toolbox,,text,"NIH Toolbox Cognition Crystallized Composite Uncorrected Standard Score",,,,,,,,,,,,,
toolbox_cogcrystalcomp_agestd,nih_toolbox,,text,"NIH Toolbox Cognition Crystallized Composite Age-Corrected Standard Score",,,,,,,,,,,,,
toolbox_cogcrystalcomp_tscore,nih_toolbox,,text,"NIH Toolbox Cognition Crystallized Composite Fully-Corrected T-score",,,,,,,,,,,,,
toolbox_cogfluidcomp_uncstd,nih_toolbox,,text,"NIH Toolbox Cognition Fluid Composite Uncorrected Standard Score",,,,,,,,,,,,,
toolbox_cogfluidcomp_agestd,nih_toolbox,,text,"NIH Toolbox Cognition Fluid Composite Age-Corrected Standard Score",,,,,,,,,,,,,
toolbox_cogfluidcomp_tscore,nih_toolbox,,text,"NIH Toolbox Cognition Fluid Composite Fully-Corrected T-score",,,,,,,,,,,,,
toolbox_cogearlycomp_uncstd,nih_toolbox,,text,"NIH Toolbox Cognition Early Composite Uncorrected Standard Score",,,,,,,,,,,,,
toolbox_cogearlycomp_agestd,nih_toolbox,,text,"NIH Toolbox Cognition Early Composite Age-Corrected Standard Score",,,,,,,,,,,,,
toolbox_cogearlycomp_tscore,nih_toolbox,,text,"NIH Toolbox Cognition Early Composite Fully-Corrected T-score",,,,,,,,,,,,,
toolbox_cogtotalcomp_uncstd,nih_toolbox,,text,"NIH Toolbox Cognition Total Composite Uncorrected Standard Score",,,,,,,,,,,,,
toolbox_cogtotalcomp_agestd,nih_toolbox,,text,"NIH Toolbox Cognition Total Composite Age-Corrected Standard Score",,,,,,,,,,,,,
toolbox_cogtotalcomp_tscore,nih_toolbox,,text,"NIH Toolbox Cognition Total Composite Fully-Corrected T-score",,,,,,,,,,,,,
